{"lr": 0.1, "data_time": 0.0004105567932128906, "loss": 3.083993172645569, "time": 0.1029320240020752, "epoch": 1, "memory": 1699, "step": 100}
{"accuracy/top1": 12.091428756713867, "data_time": 0.004441555399094185, "time": 0.047996595828202517, "step": 1}
{"lr": 0.1, "data_time": 0.0004574298858642578, "loss": 2.4875314712524412, "time": 0.10321307182312012, "epoch": 2, "memory": 1699, "step": 237}
{"accuracy/top1": 30.628570556640625, "data_time": 0.0038449435994245005, "time": 0.04731820113417031, "step": 2}
{"lr": 0.1, "data_time": 0.0004442453384399414, "loss": 1.9404852628707885, "time": 0.10349166393280029, "epoch": 3, "memory": 1699, "step": 374}
{"accuracy/top1": 42.354286193847656, "data_time": 0.0034342157667961674, "time": 0.04700750026150026, "step": 3}
{"lr": 0.1, "data_time": 0.0004747867584228516, "loss": 1.904026484489441, "time": 0.10350496768951416, "epoch": 4, "memory": 1699, "step": 511}
{"accuracy/top1": 50.514286041259766, "data_time": 0.00382569734601007, "time": 0.047420842060144394, "step": 4}
{"lr": 0.1, "data_time": 0.0004528045654296875, "loss": 1.6909549832344055, "time": 0.10369758605957032, "epoch": 5, "memory": 1699, "step": 648}
{"accuracy/top1": 54.720001220703125, "data_time": 0.003741882849430692, "time": 0.04740792772044306, "step": 5}
{"lr": 0.1, "data_time": 0.0004762887954711914, "loss": 1.6715576171875, "time": 0.103690505027771, "epoch": 6, "memory": 1699, "step": 785}
{"accuracy/top1": 60.022857666015625, "data_time": 0.0037154408468716388, "time": 0.04736917606298474, "step": 6}
{"lr": 0.1, "data_time": 0.00044314861297607423, "loss": 1.5164539754390716, "time": 0.10368704795837402, "epoch": 7, "memory": 1699, "step": 922}
{"accuracy/top1": 61.325714111328125, "data_time": 0.0030465367911518483, "time": 0.04732936016027478, "step": 7}
{"lr": 0.1, "data_time": 0.00046298503875732424, "loss": 1.6434213399887085, "time": 0.10380358695983886, "epoch": 8, "memory": 1699, "step": 1059}
{"accuracy/top1": 66.01142883300781, "data_time": 0.0030854301176209383, "time": 0.04675414251244586, "step": 8}
{"lr": 0.1, "data_time": 0.0004559993743896484, "loss": 1.347623872756958, "time": 0.10380785465240479, "epoch": 9, "memory": 1699, "step": 1196}
{"accuracy/top1": 67.49713897705078, "data_time": 0.0037005224089691605, "time": 0.04737116461214812, "step": 9}
{"lr": 0.1, "data_time": 0.0004634380340576172, "loss": 1.263336968421936, "time": 0.10372388362884521, "epoch": 10, "memory": 1699, "step": 1333}
{"accuracy/top1": 65.394287109375, "data_time": 0.0038960550142371135, "time": 0.04755921467490818, "step": 10}
{"lr": 0.05, "data_time": 0.00047354698181152345, "loss": 1.1283980786800385, "time": 0.1038510799407959, "epoch": 11, "memory": 1699, "step": 1470}
{"accuracy/top1": 74.9942855834961, "data_time": 0.0037893056869506836, "time": 0.04745048198147096, "step": 11}
{"lr": 0.05, "data_time": 0.0004426240921020508, "loss": 1.1906265795230866, "time": 0.10378515720367432, "epoch": 12, "memory": 1699, "step": 1607}
{"accuracy/top1": 74.76571655273438, "data_time": 0.003645433895829795, "time": 0.04731501358142798, "step": 12}
{"lr": 0.05, "data_time": 0.0005382061004638672, "loss": 1.0819173872470855, "time": 0.1039210319519043, "epoch": 13, "memory": 1699, "step": 1744}
{"accuracy/top1": 75.40571594238281, "data_time": 0.003831436668617138, "time": 0.047505850377290146, "step": 13}
{"lr": 0.05, "data_time": 0.0004943370819091797, "loss": 1.0733205735683442, "time": 0.10395255088806152, "epoch": 14, "memory": 1699, "step": 1881}
{"accuracy/top1": 77.41714477539062, "data_time": 0.0034986216088999872, "time": 0.04722869223442631, "step": 14}
{"lr": 0.05, "data_time": 0.0004902362823486328, "loss": 1.0359688460826875, "time": 0.1040102481842041, "epoch": 15, "memory": 1699, "step": 2018}
{"accuracy/top1": 78.2171401977539, "data_time": 0.0031990400259045587, "time": 0.0474712243978528, "step": 15}
{"lr": 0.05, "data_time": 0.0004472017288208008, "loss": 0.9879744291305542, "time": 0.10398998260498046, "epoch": 16, "memory": 1699, "step": 2155}
{"accuracy/top1": 76.31999969482422, "data_time": 0.0031986858533776326, "time": 0.046957902286363686, "step": 16}
{"lr": 0.05, "data_time": 0.000446319580078125, "loss": 0.9642616629600524, "time": 0.10397167205810547, "epoch": 17, "memory": 1699, "step": 2292}
{"accuracy/top1": 79.42857360839844, "data_time": 0.003548553024513134, "time": 0.047306665475817695, "step": 17}
{"lr": 0.05, "data_time": 0.00043804645538330077, "loss": 0.9295806109905242, "time": 0.103957200050354, "epoch": 18, "memory": 1699, "step": 2429}
{"accuracy/top1": 77.82856750488281, "data_time": 0.0038133928741233935, "time": 0.047582109769185386, "step": 18}
{"lr": 0.05, "data_time": 0.0004751920700073242, "loss": 0.9784025847911835, "time": 0.10398576259613038, "epoch": 19, "memory": 1699, "step": 2566}
{"accuracy/top1": 80.06857299804688, "data_time": 0.003398560095524442, "time": 0.04713653481524924, "step": 19}
{"lr": 0.05, "data_time": 0.00044448375701904296, "loss": 0.9140362918376923, "time": 0.10396192073822022, "epoch": 20, "memory": 1699, "step": 2703}
{"accuracy/top1": 82.4000015258789, "data_time": 0.003946364789769269, "time": 0.04769092711849489, "step": 20}
{"lr": 0.025, "data_time": 0.00043544769287109377, "loss": 0.8225051462650299, "time": 0.10396888256072997, "epoch": 21, "memory": 1699, "step": 2840}
{"accuracy/top1": 83.33714294433594, "data_time": 0.0038326875023219895, "time": 0.047600144925324814, "step": 21}
{"lr": 0.025, "data_time": 0.0005224227905273437, "loss": 0.7449974358081818, "time": 0.1039278268814087, "epoch": 22, "memory": 1699, "step": 2977}
{"accuracy/top1": 84.02285766601562, "data_time": 0.0039369714432868404, "time": 0.048303502193395645, "step": 22}
{"lr": 0.025, "data_time": 0.000432586669921875, "loss": 0.6985240429639816, "time": 0.10393235683441163, "epoch": 23, "memory": 1699, "step": 3114}
{"accuracy/top1": 86.10285949707031, "data_time": 0.0036662298700083857, "time": 0.047393658886785095, "step": 23}
{"lr": 0.025, "data_time": 0.00044226646423339844, "loss": 0.7161020040512085, "time": 0.10393517017364502, "epoch": 24, "memory": 1699, "step": 3251}
{"accuracy/top1": 86.6971435546875, "data_time": 0.003993476646533911, "time": 0.04775803503782853, "step": 24}
{"lr": 0.025, "data_time": 0.0005076885223388672, "loss": 0.6666745185852051, "time": 0.10402455329895019, "epoch": 25, "memory": 1699, "step": 3388}
{"accuracy/top1": 86.83428192138672, "data_time": 0.003781195999919504, "time": 0.047538617382878845, "step": 25}
{"lr": 0.025, "data_time": 0.0004773855209350586, "loss": 0.6588257491588593, "time": 0.10396924018859863, "epoch": 26, "memory": 1699, "step": 3525}
{"accuracy/top1": 87.6114273071289, "data_time": 0.003691782122072966, "time": 0.047447926756264504, "step": 26}
{"lr": 0.025, "data_time": 0.0004667043685913086, "loss": 0.7829217851161957, "time": 0.1040083885192871, "epoch": 27, "memory": 1699, "step": 3662}
{"accuracy/top1": 87.15428161621094, "data_time": 0.003947765930839207, "time": 0.04771965137426404, "step": 27}
{"lr": 0.025, "data_time": 0.0004627466201782227, "loss": 0.6924648731946945, "time": 0.10397043228149414, "epoch": 28, "memory": 1699, "step": 3799}
{"accuracy/top1": 88.86856842041016, "data_time": 0.0038308648095614667, "time": 0.0476013145584991, "step": 28}
{"lr": 0.025, "data_time": 0.0004883527755737305, "loss": 0.749646657705307, "time": 0.10396835803985596, "epoch": 29, "memory": 1699, "step": 3936}
{"accuracy/top1": 88.06857299804688, "data_time": 0.003826462704202403, "time": 0.04758494660474252, "step": 29}
{"lr": 0.025, "data_time": 0.0004599809646606445, "loss": 0.7518388330936432, "time": 0.1037903070449829, "epoch": 30, "memory": 1699, "step": 4073}
{"accuracy/top1": 89.3028564453125, "data_time": 0.0037230875181115193, "time": 0.04748326280842657, "step": 30}
{"lr": 0.0125, "data_time": 0.00048644542694091796, "loss": 0.5546457469463348, "time": 0.10399832725524902, "epoch": 31, "memory": 1699,