{"lr": 3e-08, "data_time": 0.05732226371765137, "loss": 0.9437768310308456, "decode.loss_ce": 0.671242967247963, "decode.acc_seg": 11.985506057739258, "aux.loss_ce": 0.2725338712334633, "aux.acc_seg": 5.47611141204834, "time": 1.6952368319034576, "memory": 6118, "step": 8}
{"lr": 3.336e-05, "data_time": 0.0537219762802124, "loss": 0.8936957895755768, "decode.loss_ce": 0.6315207779407501, "decode.acc_seg": 62.45991897583008, "aux.loss_ce": 0.26217501163482665, "aux.acc_seg": 18.20353126525879, "time": 0.8911418199539185, "memory": 3982, "step": 16}
{"lr": 6.669e-05, "data_time": 0.024143671989440917, "loss": 0.8250980019569397, "decode.loss_ce": 0.5736289024353027, "decode.acc_seg": 81.38809204101562, "aux.loss_ce": 0.2514690890908241, "aux.acc_seg": 64.47486877441406, "time": 0.47217440605163574, "memory": 3982, "step": 24}
{"lr": 0.00010002, "data_time": 0.024642014503479005, "loss": 0.7417605757713318, "decode.loss_ce": 0.5024061501026154, "decode.acc_seg": 81.78946685791016, "aux.loss_ce": 0.23935440927743912, "aux.acc_seg": 82.44845581054688, "time": 0.4728691816329956, "memory": 3982, "step": 32}
{"lr": 0.00013335, "data_time": 0.0225189208984375, "loss": 0.6487880825996399, "decode.loss_ce": 0.4327501118183136, "decode.acc_seg": 91.685791015625, "aux.loss_ce": 0.21603796780109405, "aux.acc_seg": 90.81156158447266, "time": 0.4705455541610718, "memory": 3982, "step": 40}
{"aAcc": 83.8, "mIoU": 45.0, "mAcc": 56.86, "data_time": 0.01628776030106978, "time": 0.1649496772072532, "step": 40}
{"lr": 0.00016668, "data_time": 0.019421029090881347, "loss": 0.6057133555412293, "decode.loss_ce": 0.3996500730514526, "decode.acc_seg": 93.09651184082031, "aux.loss_ce": 0.20606328845024108, "aux.acc_seg": 93.91835021972656, "time": 0.4660403490066528, "memory": 4423, "step": 48}
{"lr": 0.00020000999999999998, "data_time": 0.03107132911682129, "loss": 0.5398253709077835, "decode.loss_ce": 0.3479452461004257, "decode.acc_seg": 81.16992950439453, "aux.loss_ce": 0.19188012033700944, "aux.acc_seg": 80.63533020019531, "time": 0.47557480335235597, "memory": 3982, "step": 56}
{"lr": 0.00023333999999999999, "data_time": 0.019623684883117675, "loss": 0.47258332669734954, "decode.loss_ce": 0.2989064186811447, "decode.acc_seg": 87.36225891113281, "aux.loss_ce": 0.1736769050359726, "aux.acc_seg": 83.81947326660156, "time": 0.46343145370483396, "memory": 3982, "step": 64}
{"lr": 0.00026667, "data_time": 0.027090907096862793, "loss": 0.4290022343397141, "decode.loss_ce": 0.2689786314964294, "decode.acc_seg": 86.87622833251953, "aux.loss_ce": 0.1600235991179943, "aux.acc_seg": 87.79705810546875, "time": 0.47009141445159913, "memory": 3982, "step": 72}
{"lr": 0.00030000000000000003, "data_time": 0.021862721443176268, "loss": 0.37447758615016935, "decode.loss_ce": 0.23553269505500793, "decode.acc_seg": 84.91090393066406, "aux.loss_ce": 0.1389448896050453, "aux.acc_seg": 84.24451446533203, "time": 0.46333839893341067, "memory": 3982, "step": 80}
{"aAcc": 89.33, "mIoU": 55.9, "mAcc": 63.54, "data_time": 0.003394047419230143, "time": 0.017368753751118977, "step": 80}
{"lr": 0.000299780919130328, "data_time": 0.020858001708984376, "loss": 0.3574584245681763, "decode.loss_ce": 0.2232015311717987, "decode.acc_seg": 93.60835266113281, "aux.loss_ce": 0.13425689414143563, "aux.acc_seg": 92.49272918701172, "time": 0.46191675662994386, "memory": 3982, "step": 88}
{"lr": 0.0002989949262584643, "data_time": 0.0190479040145874, "loss": 0.3018737703561783, "decode.loss_ce": 0.18588190376758576, "decode.acc_seg": 88.03018951416016, "aux.loss_ce": 0.11599187031388283, "aux.acc_seg": 88.20088195800781, "time": 0.4597147226333618, "memory": 3982, "step": 96}
{"lr": 0.00029764065119768275, "data_time": 0.011254286766052246, "loss": 0.2941341012716293, "decode.loss_ce": 0.18517694473266602, "decode.acc_seg": 91.36238098144531, "aux.loss_ce": 0.10895715653896332, "aux.acc_seg": 88.2767105102539, "time": 0.4524277925491333, "memory": 3982, "step": 104}
{"lr": 0.00029572343865293864, "data_time": 0.024672222137451173, "loss": 0.2558824375271797, "decode.loss_ce": 0.15767253637313844, "decode.acc_seg": 87.39908599853516, "aux.loss_ce": 0.09820990189909935, "aux.acc_seg": 86.94488525390625, "time": 0.46588294506072997, "memory": 3982, "step": 112}
{"lr": 0.00029325085498625513, "data_time": 0.02168617248535156, "loss": 0.2457818403840065, "decode.loss_ce": 0.15588047951459885, "decode.acc_seg": 85.64015197753906, "aux.loss_ce": 0.08990135863423347, "aux.acc_seg": 84.1047134399414, "time": 0.46405758857727053, "memory": 3982, "step": 120}
{"aAcc": 87.01, "mIoU": 53.13, "mAcc": 66.15, "data_time": 0.0033350586891174316, "time": 0.01726005474726359, "step": 120}
{"lr": 0.00029023265835574863, "data_time": 0.01873044967651367, "loss": 0.22042333483695983, "decode.loss_ce": 0.13988536223769188, "decode.acc_seg": 93.81825256347656, "aux.loss_ce": 0.08053797297179699, "aux.acc_seg": 92.9151382446289, "time": 0.46006002426147463, "memory": 3981, "step": 128}
{"lr": 0.0002866807602046368, "data_time": 0.021916651725769044, "loss": 0.2169688731431961, "decode.loss_ce": 0.13923739045858383, "decode.acc_seg": 80.87841033935547, "aux.loss_ce": 0.07773148342967033, "aux.acc_seg": 79.24315643310547, "time": 0.46188642978668215, "memory": 3982, "step": 136}
{"lr": 0.0002826091782522142, "data_time": 0.017838120460510254, "loss": 0.2029337614774704, "decode.loss_ce": 0.13182785362005234, "decode.acc_seg": 92.6423110961914, "aux.loss_ce": 0.07110590636730194, "aux.acc_seg": 89.18843078613281, "time": 0.45708158016204836, "memory": 3982, "step": 144}
{"lr": 0.0002780339811723181, "data_time": 0.02062857151031494, "loss": 0.2068357914686203, "decode.loss_ce": 0.1343653343617916, "decode.acc_seg": 92.33265686035156, "aux.loss_ce": 0.07247045971453189, "aux.acc_seg": 89.5728530883789, "time": 0.46188650131225584, "memory": 3982, "step": 152}
{"lr": 0.00027297322517761416, "data_time": 0.05258877277374267, "loss": 0.17664366215467453, "decode.loss_ce": 0.11397006437182426, "decode.acc_seg": 85.42584228515625, "aux.loss_ce": 0.06267360039055347, "aux.acc_seg": 83.6230239868164, "time": 0.4918320894241333, "memory": 3982, "step": 160}
{"aAcc": 70.41, "mIoU": 44.77, "mAcc": 65.93, "data_time": 0.0033731659253438315, "time": 0.017311036586761475, "step": 160}
{"lr": 0.000267446882759974, "data_time": 0.01715059280395508, "loss": 0.17154340595006942, "decode.loss_ce": 0.11109488159418106, "decode.acc_seg": 90.38248443603516, "aux.loss_ce": 0.060448525473475456, "aux.acc_seg": 87.95867919921875, "time": 0.45559403896331785, "memory": 3982, "step": 168}
{"lr": 0.0002614767638681744, "data_time": 0.028241634368896484, "loss": 0.17112202495336531, "decode.loss_ce": 0.11232400834560394, "decode.acc_seg": 84.5497817993164, "aux.loss_ce": 0.058798015117645264, "aux.acc_seg": 82.98772430419922, "time": 0.4691081762313843, "memory": 3982, "step": 176}
{"lr": 0.00025508642983399334, "data_time": 0.020475888252258302, "loss": 0.18423220068216323, "decode.loss_ce": 0.12311246767640113, "decode.acc_seg": 84.2961196899414, "aux.loss_ce": 0.06111973375082016, "aux.acc_seg": 83.754150390625, "time": 0.4604811429977417, "memory": 3982, "step": 184}
{"lr": 0.00024830110038639796, "data_time": 0.01998093128204346, "loss": 0.16371759921312332, "decode.loss_ce": 0.10761650130152703, "decode.acc_seg": 91.42262268066406, "aux.loss_ce": 0.0561010979115963, "aux.acc_seg": 90.22318267822266, "time": 0.4618232250213623, "memory": 3982, "step": 192}
{"lr": 0.00024114755412079568, "data_time": 0.016538667678833007, "loss": 0.1634354241192341, "decode.loss_ce": 0.10841267071664333, "decode.acc_seg": 92.12313079833984, "aux.loss_ce": 0.055022753030061725, "aux.acc_seg": 91.22332000732422, "time": 0.45791876316070557, "memory": 3981, "step": 200}
{"aAcc": 71.48, "mIoU": 44.88, "mAcc": 66.93, "data_time": 0.003349045912424723, "time": 0.017298599084218342, "step": 200}
{"lr": 0.00023365402281615237, "data_time": 0.026658916473388673, "loss": 0.16306292712688447,