{"lr": 3e-08, "data_time": 0.13671916723251343, "loss": 2.755024790763855, "loss_cls": 2.0727171450853348, "loss_bbox": 0.6823076233267784, "time": 0.4214518964290619, "epoch": 1, "memory": 2663, "step": 8}
{"lr": 3.336e-05, "data_time": 0.14438699185848236, "loss": 2.758468523621559, "loss_cls": 2.077731914818287, "loss_bbox": 0.6807365901768208, "time": 0.35316577553749084, "epoch": 2, "memory": 2663, "step": 16}
{"lr": 6.669e-05, "data_time": 0.14150614539782205, "loss": 2.774806926647822, "loss_cls": 2.1039384504159293, "loss_bbox": 0.6708684662977854, "time": 0.3249350090821584, "epoch": 3, "memory": 2663, "step": 24}
{"lr": 0.00010002, "data_time": 0.1452001854777336, "loss": 2.784651607275009, "loss_cls": 2.124451383948326, "loss_bbox": 0.6602002177387476, "time": 0.31651224195957184, "epoch": 4, "memory": 2663, "step": 32}
{"lr": 0.00013335, "data_time": 0.1429240584373474, "loss": 2.7850645005702974, "loss_cls": 2.1365901947021486, "loss_bbox": 0.6484743058681488, "time": 0.3070266842842102, "epoch": 5, "memory": 2663, "step": 40}
{"coco/bbox_mAP": 0.383, "coco/bbox_mAP_50": 0.428, "coco/bbox_mAP_75": 0.428, "coco/bbox_mAP_s": 0.0, "coco/bbox_mAP_m": 0.0, "coco/bbox_mAP_l": 0.531, "data_time": 0.12877957026163736, "time": 0.17339595158894858, "step": 5}
{"lr": 0.00016668, "data_time": 0.1431477020184199, "loss": 2.7730644991000495, "loss_cls": 2.143279142677784, "loss_bbox": 0.62978535083433, "time": 0.30155189832051593, "epoch": 6, "memory": 2663, "step": 48}
{"lr": 0.00020000999999999998, "data_time": 0.1404709053039551, "loss": 2.7264307928085327, "loss_cls": 2.1277394533157348, "loss_bbox": 0.5986913388967514, "time": 0.27457026481628416, "epoch": 7, "memory": 2663, "step": 56}
{"lr": 0.00023333999999999999, "data_time": 0.139737868309021, "loss": 2.588875586986542, "loss_cls": 2.041820719242096, "loss_bbox": 0.5470548754930497, "time": 0.27178664684295656, "epoch": 8, "memory": 2663, "step": 64}
{"lr": 0.00026667, "data_time": 0.13913424968719482, "loss": 2.386531114578247, "loss_cls": 1.8872490239143371, "loss_bbox": 0.49928209483623504, "time": 0.27125179290771484, "epoch": 9, "memory": 2663, "step": 72}
{"lr": 0.00030000000000000003, "data_time": 0.13829145431518555, "loss": 2.0995150446891784, "loss_cls": 1.6501542186737062, "loss_bbox": 0.4493608289957047, "time": 0.27009167671203616, "epoch": 10, "memory": 2663, "step": 80}
{"coco/bbox_mAP": 0.616, "coco/bbox_mAP_50": 0.758, "coco/bbox_mAP_75": 0.737, "coco/bbox_mAP_s": 0.0, "coco/bbox_mAP_m": 0.335, "coco/bbox_mAP_l": 0.721, "data_time": 0.044249534606933594, "time": 0.08174210786819458, "step": 10}
{"lr": 0.000299780919130328, "data_time": 0.14087910175323487, "loss": 1.7927306497097015, "loss_cls": 1.3934837490320207, "loss_bbox": 0.3992469024658203, "time": 0.2724983882904053, "epoch": 11, "memory": 2663, "step": 88}
{"lr": 0.0002989949262584643, "data_time": 0.14244539737701417, "loss": 1.490288736820221, "loss_cls": 1.1355071753263473, "loss_bbox": 0.35478156358003615, "time": 0.2749316215515137, "epoch": 12, "memory": 2663, "step": 96}
{"lr": 0.00029764065119768275, "data_time": 0.14093217849731446, "loss": 1.1978173923492432, "loss_cls": 0.87553964138031, "loss_bbox": 0.32227775067090986, "time": 0.27365572929382326, "epoch": 13, "memory": 2663, "step": 104}
{"lr": 0.00029572343865293864, "data_time": 0.14174808025360108, "loss": 0.9715199708938599, "loss_cls": 0.6727619659900665, "loss_bbox": 0.2987580013275146, "time": 0.2747298097610474, "epoch": 14, "memory": 2663, "step": 112}
{"lr": 0.00029325085498625513, "data_time": 0.14274428367614747, "loss": 0.8588765025138855, "loss_cls": 0.5697883301973343, "loss_bbox": 0.28908816903829576, "time": 0.2762249755859375, "epoch": 15, "memory": 2663, "step": 120}
{"coco/bbox_mAP": 0.685, "coco/bbox_mAP_50": 0.806, "coco/bbox_mAP_75": 0.746, "coco/bbox_mAP_s": 0.01, "coco/bbox_mAP_m": 0.451, "coco/bbox_mAP_l": 0.785, "data_time": 0.044960081577301025, "time": 0.07153534889221191, "step": 15}
{"lr": 0.00029023265835574863, "data_time": 0.14715489387512207, "loss": 0.7760437440872192, "loss_cls": 0.5039868706464767, "loss_bbox": 0.27205687165260317, "time": 0.2810562229156494, "epoch": 16, "memory": 2663, "step": 128}
{"lr": 0.0002866807602046368, "data_time": 0.14496140480041503, "loss": 0.731875205039978, "loss_cls": 0.47058774828910827, "loss_bbox": 0.2612874540686607, "time": 0.2784825086593628, "epoch": 17, "memory": 2663, "step": 136}
{"lr": 0.0002826091782522142, "data_time": 0.1469235610961914, "loss": 0.688673222064972, "loss_cls": 0.43768366873264314, "loss_bbox": 0.2509895524382591, "time": 0.27985157012939454, "epoch": 18, "memory": 2663, "step": 144}
{"lr": 0.0002780339811723181, "data_time": 0.14624536514282227, "loss": 0.6517405265569687, "loss_cls": 0.40704613775014875, "loss_bbox": 0.24469438880681993, "time": 0.27902051448822024, "epoch": 19, "memory": 2663, "step": 152}
{"lr": 0.00027297322517761416, "data_time": 0.1416321325302124, "loss": 0.635556246638298, "loss_cls": 0.3963681435585022, "loss_bbox": 0.23918810337781907, "time": 0.2741021871566772, "epoch": 20, "memory": 2663, "step": 160}
{"coco/bbox_mAP": 0.722, "coco/bbox_mAP_50": 0.833, "coco/bbox_mAP_75": 0.808, "coco/bbox_mAP_s": 0.0, "coco/bbox_mAP_m": 0.527, "coco/bbox_mAP_l": 0.82, "data_time": 0.043690264225006104, "time": 0.06981539726257324, "step": 20}
{"lr": 0.000267446882759974, "data_time": 0.13985968589782716, "loss": 0.6022890633344651, "loss_cls": 0.37187465250492097, "loss_bbox": 0.23041441202163696, "time": 0.27157446861267087, "epoch": 21, "memory": 2663, "step": 168}
{"lr": 0.0002614767638681744, "data_time": 0.1341625213623047, "loss": 0.594241732954979, "loss_cls": 0.36641436994075777, "loss_bbox": 0.22782736361026765, "time": 0.26590112209320066, "epoch": 22, "memory": 2663, "step": 176}
{"lr": 0.00025508642983399334, "data_time": 0.1334668493270874, "loss": 0.5748486071825027, "loss_cls": 0.3508286052942276, "loss_bbox": 0.22402000099420546, "time": 0.2651103639602661, "epoch": 23, "memory": 2663, "step": 184}
{"lr": 0.00024830110038639796, "data_time": 0.12912967681884766, "loss": 0.5649570256471634, "loss_cls": 0.34183482140302657, "loss_bbox": 0.2231222003698349, "time": 0.2605276679992676, "epoch": 24, "memory": 2663, "step": 192}
{"lr": 0.00024114755412079568, "data_time": 0.13488556385040285, "loss": 0.5606812912225724, "loss_cls": 0.33879313737154004, "loss_bbox": 0.22188814908266066, "time": 0.26619741439819333, "epoch": 25, "memory": 2663, "step": 200}
{"coco/bbox_mAP": 0.708, "coco/bbox_mAP_50": 0.839, "coco/bbox_mAP_75": 0.773, "coco/bbox_mAP_s": 0.0, "coco/bbox_mAP_m": 0.44, "coco/bbox_mAP_l": 0.816, "data_time": 0.05324679613113403, "time": 0.07902079820632935, "step": 25}
{"lr": 0.00023365402281615237, "data_time": 0.1372455644607544, "loss": 0.5573185920715332, "loss_cls": 0.33553351908922197, "loss_bbox": 0.2217850688099861, "time": 0.26813220500946044, "epoch": 26, "memory": 2663, "step": 208}
{"lr": 0.00022585008001705864, "data_time": 0.14010083198547363, "loss": 0.5362141513824463, "loss_cls": 0.31939217120409014, "loss_bbox": 0.21682197511196136, "time": 0.2713013792037964, "epoch": 27, "memory": 2663, "step": 216}
{"lr": 0.00021776652432046014, "data_time": 0.14663154125213623, "loss": 0.5321335279941559, "loss_cls": 0.3161183801293373, "loss_bbox": 0.21601514488458634, "time": 0.27775403022766115, "epoch": 28, "memory": 2663, "step": 224}
{"lr": 0.00020943525782766618, "data_time": 0.14461112022399902, "loss": 0.5198223942518234, "loss_cls": 0.30726226717233657, "loss_bbox": 0.21256012439727784, "time": 0.2755681276321411, "epoch": 29, "memory": 2663, "step": 232}
{"lr": 0.00020088916024133013, "data_time": 0.14453131198883057, "loss": 0.5171003276109696, "loss_cls": 0.3022096848487854, "loss_bbox": 0.21489064037799835, "time": 0.27605696678161623, "epoch": 30, "memory": 2663, "step": 240}
{"coco/bbox_mAP": 0.726, "coco/bbox_mAP_50": 0.853, "coco/bbox_mAP_75": 0.783, "coco/bbox_mAP_s": 0.0,